APPLICANT NO.,APPLICATION CODE,"Education
(10 pts)","Training
(10 pts)","Experience
(10 pts)","PBET/LET/
LEPT Rating
(10 pts)","PPST COIs
Classroom
Observation
(35 pts)","PPST NCOIs
Teacher Reflection
(25 pts)","Total
(100 pts)"
20230406,943,0,10,8,8.64,33.83,20,80.47
20230536,1351,0,0,0,8.06,33.83,15,56.89
20230450,1310,0,10,0,8.32,35,17.5,70.82
20230901,260,0,10,6,7.72,30.33,17.5,71.55
20230856,344,0,10,0,8.54,33.83,20,72.37
20230484,654,0,10,10,7.7,31.5,17.5,76.7
20230057,538,0,10,10,7.58,30.33,25,82.91
20230269,757,0,10,4,8.02,32.67,20,74.69
20230454,881,0,10,2,8.74,35,17.5,73.24
20230212,144,0,10,2,8.18,32.67,22.5,75.35
202300871,1309,0,10,6,8.22,31.5,20,75.72
20230032,534,0,10,6,8.14,30.33,17.5,71.97
20230546,756,0,10,4,7.72,32.67,15,69.39
20230053,235,0,10,8,8.7,32.67,17.5,76.87
20230291,913,0,10,7,8.02,35,22.5,82.52
20231051,683,6,10,4,8.62,35,25,88.62
20230018,1381,0,10,4,8.66,31.5,17.5,71.66
20230066,596,0,10,6,8.68,32.67,25,82.35
20230455,906,0,10,6,8.14,33.83,25,82.97
20230426,1517,0,0,0,7.92,30.33,20,58.25
20230724,1481,0,10,0,8.68,32.67,20,71.35
20230530,1463,10,10,2,7.72,29.17,17.5,76.39
20230573,1445,0,10,6,7.7,31.5,20,75.2
20230677,1423,0,4,6,8.24,33.83,22.5,74.57
20230820,287,0,10,10,7.64,35,22.5,85.14
20230233,1326,0,10,4,8.84,29.17,20,72.01
20230464,1316,0,10,2,8.62,31.5,15,67.12
20230118,1252,0,10,6,8.5,32.67,17.5,74.67
20230551,357,0,10,6,7.78,33.83,22.5,80.11
20230033,1335,0,10,0,8.36,32.63,22.5,73.49
20230817,265,0,10,2,8.84,35,17.5,73.34
20230978,173,0,10,2,8.3,30.33,20,70.63
20230874,310,0,10,2,8.14,32.67,25,77.81
20230868,154,0,10,4,8.2,32.67,22.5,77.37
20230889,1229,0,10,0,7.82,32.67,20,70.49
20230044,1333,0,0,2,8.74,33.83,17.5,62.07
20230289,346,0,6,6,8.12,28,17.5,65.62
20230610,1249,0,10,2,8.06,30.33,22.5,72.89
20230479,1345,0,0,8,8,31.5,22.5,70
20230911,254,0,10,2,8.94,33.83,22.5,77.27
20230620,383,0,10,2,8.34,31.5,25,76.84
20230876,461,0,10,4,7.98,33.83,20,75.81
20230745,417,0,0,0,8.44,33.83,20,62.27
20230656,257,0,10,0,7.54,20,32.67,70.21
202300887,1497,0,10,10,7.72,33.88,20,81.55
20230208,1350,0,10,0,8.74,31.5,25,75.24
20230038,1431,0,10,0,8.32,26.83,15,60.15
202300888,1455,0,10,0,8.22,30.33,22.5,71.05
20230383,1544,0,10,4,7.92,28,15,64.92
20230734,1633,0,10,6,7.58,32.67,20,76.25
20230284,1500,0,10,4,8.76,33.833,25,81.593
20230024,1275,0,10,6,8.1,30.333,17.5,71.933
20230217,1221,0,4,8,8.6,29.167,20,69.767
20231074,1448,0,10,2,8.38,30.333,17.5,68.213
20230379,1482,0,10,0,8.3,30.333,17.5,66.133
20230732,1519,0,10,6,8.26,29.167,10,63.427
20230231,1009,0,10,0,8.52,29.167,15,62.687
20230261,228,0,10,2,8.48,29.167,12.5,62.147
202300903,1508,0,4,8,8.6,28,12.5,61.1
20230084,1299,0,10,0,7.86,28,15,60.86
20230267,652,0,10,0,7.5,26.833,15,59.333
20230102,914,0,10,0,8.2,26.833,12.5,57.533
20231053,613,0,0,0,7.58,30.333,12.5,50.413
20230497,1142,0,10,4,8.04,33.83,25,80.87
20230219,1170,0,10,10,7.92,32.67,22.5,83.09
20230230,705,0,10,2,8.16,32.67,22.5,75.33
20230003,47,0,10,2,7.72,32.67,20,72.39
20230774,425,0,10,0,8.56,32.67,25,76.23
20230458,812,0,10,4,8.22,29.17,17.5,68.89
20230537,189,0,10,0,8.92,32.67,25,76.59
20230020,81,0,10,0,7.56,32.67,12.5,62.73
20230302,1140,0,10,2,7.58,32.67,17.5,69.75
20230181,230,0,10,0,8.08,30.45,17.5,66.03
20230103,940,0,10,0,8.6,33.83,12,64.43
20230234,179,0,10,0,8.4,28,20,66.4
20230489,1174,0,10,4,7.74,33.83,17.5,73.07
20230704,446,0,10,2,8.02,33.83,25,78.85
20230674,176,0,10,0,8.2,32.67,25,75.87
20230675,172,0,10,0,8.14,32.67,20,70.81
20230013,62,0,10,2,7.76,30.33,22.5,72.59
20230975,175,0,10,0,8.06,31.5,20,69.56
20230011,571,0,4,0,7.88,35,12.5,59.38
20230307,840,0,0,2,8.7,28,15,53.7
20230278,119,0,10,2,7.96,33.95,10,63.91
20230504,269,0,10,0,8.3,32.67,17.5,68.47
20230189,1069,0,10,0,8.58,30.33,17.5,66.41
20230741,893,0,10,2,8.02,32.67,15,67.69
20231043,502,0,10,4,8.24,33.83,10,66.07
20231069,1055,0,10,0,8.38,29.17,20,67.55
20230462,1030,0,10,4,7.62,32.67,20,74.29
20230535,851,0,10,2,7.7,29.17,25,73.87
20230663,742,0,10,2,8.48,32.67,12.5,65.65
20230660,211,0,10,0,8.4,31.5,10,59.9
20230076,897,0,0,0,8.12,33.83,12.5,54.45
202300868,1357,0,10,0,8.58,31.5,20,70.08
20230576,1355,0,10,4,8.4,31.5,22.5,76.4
202300894,1462,0,10,0,7.88,26.83,12.5,57.21
202300877,1484,0,0,0,8.4,32.67,15,56.07
20230928,1377,0,10,4,7.72,31.5,20,73.22
20230164,849,0,10,0,8.22,32.66,22.5,73.38
202300883,1475,0,10,2,7.62,32.67,15,67.29
20230363,1472,0,10,0,8.1,32.67,17.5,68.27
20230717,1354,0,0,2,8.62,33.83,20,64.45
202300901,1490,0,0,10,8.22,32.67,22.5,73.39
20230245,900,0,10,0,8.1,32.67,15,65.77
202300899,1466,0,10,4,8.68,33.83,20,76.51
20230633,1469,0,10,6,8.22,32.67,17.5,74.39
20230698,1398,0,10,2,,31.5,12.5,56
20230443,1523,0,10,2,8.36,31.5,17.5,69.36
20230980,331,0,10,0,7.8,31.5,17.5,66.8
202300883,1580,0,10,6,7.62,31.5,15,70.12
20230271,1603,0,10,0,7.84,31.5,15,64.34
20230203,316,0,10,2,8.1,31.5,17.5,69.1
20230453,1513,0,10,4,7.54,32.66,22.5,76.7
20230427,1585,0,10,4,8.8,31.5,22.5,76.8
20230950,568,0,10,6,7.94,31.5,22.5,77.94
20230390,1443,0,10,8,7.72,31.5,15,72.22
20231049,560,0,8,4,7.88,33.83,22.5,76.21
20230384,1529,0,10,0,8.24,32.67,22.5,73.41
20230328,1526,0,10,0,7.88,30.33,17.5,65.71
20230716,1643,0,10,6,8.54,32.67,17.5,74.71
20230722,466,0,10,6,7.54,32.67,20,76.21
20230905,208,0,10,2,8.1,31.5,22.5,74.1
20230065,1596,0,10,2,7.78,31.5,22.5,73.78
20230248,493,0,10,0,8.42,31.5,17.5,67.42
20230347,1550,2,10,2,8.28,33.83,16.25,72.36
20230324,1486,0,10,2,8.46,32.67,20,73.13
20230308,1604,0,10,2,8.86,32.67,25,78.53
20230947,811,0,10,0,8.22,31.5,12.5,62.22
202300849,891,0,10,2,7.6,30.33,20,69.93
20230323,1579,0,10,4,7.9,31.5,17.5,70.9
20230222,1135,0,10,4,8.78,33.83,25,81.61
20230309,1560,0,10,2,8.24,32.67,22.5,75.41
20230320,1483,0,10,8,8.18,31.5,17.5,75.18
20230374,470,0,10,6,8.32,31.5,20,75.82
20230365,1532,0,10,0,8.2,31.5,25,74.7
20230322,1576,0,10,4,8.64,33.83,22.5,78.97
20230389,1621,0,10,2,8.34,32.67,17.5,70.51
20230173,1520,0,10,0,8.78,31.5,25,75.28
20230424,822,0,10,2,8.64,33.83,22.5,76.97
20230939,1606,0,10,10,7.98,31.5,0,59.48
20230953,110,0,10,4,7.94,32.67,25,79.61
20230346,1496,0,10,4,7.86,32.67,20,74.53
20230318,1503,0,10,4,7.88,32.67,20,74.55
202300874,1566,0,10,4,7.54,33.83,17.5,72.87
20230437,1626,0,10,4,7.62,32.67,15,69.29
20230361,1612,0,10,4,7.66,31.5,17.5,70.66
20230729,844,0,10,8,7.5,31.5,22.5,79.5
20230319,1591,0,10,0,8.96,32.67,20,71.63
20230109,1119,0,10,0,8.62,33.83,25,77.45
20230199,121,0,10,2,8.12,33.83,15,68.95
20230845,196,0,10,0,7.66,30.33,10,57.99
20230960,606,0,10,2,8.1,33.83,22.5,76.43
20230685,193,0,10,4,8.5,35,15,72.5
20231038,750,0,10,6,7.68,35,17.5,76.18
20230923,972,0,10,4,8.28,35,10,67.28
20230924,1013,0,10,4,7.72,33.83,7.5,63.05
20230012,59,0,10,8,8.32,35,15,76.32
20230777,1262,0,0,0,8.84,33.83,22.5,65.17
20231021,1037,0,10,6,7.58,33.83,22.5,79.91
20230301,132,0,10,0,8.18,33.83,15,67.01
20230703,148,0,10,0,8.94,35,22.5,76.44
20230210,1286,0,6,0,8.7,35,25,74.7
20231061,832,0,10,2,8.58,33.83,10,64.41
20230985,878,0,10,2,7.92,30.33,15,65.25
20230853,31,2,10,2,8.4,32.67,22.5,77.57
20230855,36,0,10,4,8.72,35,10,67.72
20230773,1057,0,10,6,7.84,32.67,25,81.51
20231036,1144,0,10,0,7.7,32.67,22.5,72.87
20230764,698,0,10,4,7.76,31.5,15,68.26
20231067,780,0,10,4,8.3,33.83,15,71.13
20230593,1306,0,10,0,8.26,33.83,5,57.09
20230113,400,0,10,4,7.5,31.5,17.5,70.5
20230995,1128,0,10,4,8.16,31.5,15,68.66
20230854,34,0,10,2,8.34,30.33,20,70.67
20231063,1123,0,10,2,8.32,31.5,20,71.82
20230549,1044,0,2,0,7.88,31.5,20.25,61.63
20230634,1006,0,10,6,7.5,29.2,20,72.7
20230091,209,0,10,8,8.1,32.67,20,78.77
20230555,1236,0,10,0,8.72,31.5,5,55.22
20231048,1133,0,10,4,8.72,35,10,67.72
20230837,714,0,0,0,8.76,31.5,15,55.26
20230688,185,0,10,6,8.22,30.33,15,69.55
20230921,895,0,10,8,8.1,35,12.5,73.6
20230951,76,0,10,2,8.74,33.8,17.5,72.04
20230300,373,0,10,10,7.6,29.17,10,66.77
20230188,1167,0,10,10,7.72,30.33,5,63.05
202300854,1005,0,10,0,7.9,30.33,10,58.23
20230526,970,0,10,4,8.64,30.33,20,72.97
20230940,1079,0,10,9,7.64,35,20,81.64
20230529,983,0,10,6,7.66,35,12.5,71.16
20231064,709,0,10,4,7.98,30.33,15,67.31
20230790,436,0,6,0,8.42,33.15,15,62.57
20231044,1083,0,10,8,7.86,31.5,10,67.36
20230476,961,0,10,0,7.5,33.83,10,61.33
20230686,214,0,10,5,8.36,33.83,22.5,79.69
20231010,901,0,10,1,8.46,31.5,12.5,63.46
20230548,1081,0,10,6,7.64,32.67,5,61.31
20230277,770,0,10,2,7.76,33.83,10,63.59
20230632,774,0,10,10,7.72,31.5,7.5,66.72
20230827,806,0,10,9,7.86,30.33,7.5,64.69
20230878,1346,0,10,2,8.04,30.33,15,65.37
20230558,1370,0,10,0,8.38,31.5,7.5,57.38
20230025,1393,0,10,0,7.68,30.33,5,53.01
20231020,1359,0,10,4,8.18,33.83,10,66.01
20230082,1392,0,10,0,7.84,33.83,12.5,64.17
20230705,1573,0,10,6,7.54,33.83,25,82.37
20230338,1402,0,10,2,8.04,33.83,22.5,76.37
202300862,1478,0,6,2,7.72,31.5,7.5,54.72
202300885,1388,0,0,0,8.86,30.33,15,54.19
20230962,1436,0,10,8,7.58,31.5,20,77.08
20230847,1534,0,10,0,8.7,33.83,12.5,65.03
2023124,1364,10,10,10,7.8,33.83,22.5,94.13
20230422,777,0,2,10,7.78,33.83,22.83,76.44
20230936,326,0,10,10,7.5,33.83,22.5,83.83
20230386,133,0,10,2,7.78,33.83,22.5,76.11
20230056,1664,0,10,0,7.8,29.17,22.5,69.47
202300855,1165,0,10,6,7.76,32.67,25,81.43
20230828,976,0,10,2,8.26,31.5,25,76.76
20230580,169,0,10,2,7.56,33.83,22.5,75.89
20230242,1256,0,10,2,7.84,33.83,25,78.67
20230621,1270,0,10,4,8.06,31.5,22.5,76.06
20230999,1203,0,10,2,7.76,31.5,25,76.26
20230899,885,0,10,8,8.48,33.83,25,85.31
20230641,1343,0,6,0,8.16,32.67,25,71.83
20230769,124,0,10,4,8.44,33.83,20,76.27
20230963,873,0,10,10,7.7,31.5,25,84.2
20230565,243,0,10,6,8.28,35,25,84.28
202300855,950,0,10,4,7.6,31.5,25,78.1
20230748,716,0,0,0,8.76,32.67,25,66.43
20230737,563,0,10,0,8.44,29.17,22.5,70.11
20231026,809,0,10,0,8.18,33.83,25,77.01
20230619,1075,0,10,2,8.32,33.83,25,79.15
20230023,1192,0,10,0,8.04,29.17,20,67.21
20230616,1213,0,10,4,8.66,31.5,25,79.16
20231077,1021,0,10,4,8.76,35,25,82.76
20231031,903,0,10,2,8.58,32.67,22.5,75.75
20230195,146,0,10,0,8.36,29.17,25,72.53
20230658,1049,0,2,0,8.36,35,25,70.36
20230270,1019,0,10,4,8.36,32.67,25,80.03
20230783,95,0,10,2,7.88,0,0,19.88
20230197,116,0,10,6,8.32,33.83,22.5,80.65
20230618,25,0,10,0,7.94,35,22.5,75.44
20230851,30,0,10,2,8.44,32.67,20,73.11
20230775,1212,0,10,0,8.28,29.17,22.5,69.95
20230750,678,0,6,4,8.5,31.5,25,75
20231025,802,0,10,0,7.6,31.5,25,74.1
20230612,363,0,10,0,7.86,29.17,25,72.03
20231060,1196,0,0,0,8.82,35,25,68.82
20230545,690,0,10,0,8.22,32.67,22.5,73.39
20230194,126,0,4,2,7.96,33.83,22.5,70.29
20230187,1668,0,10,4,8.34,33.83,25,81.17
20230186,1672,0,10,6,8.46,33.83,20,78.29
20230882,1677,0,10,8,7.52,33.83,0,59.35
20230750,678,0,6,4,8.5,31.5,25,75
20230195,146,0,10,0,8.36,29.17,25,72.53
20230909,1614,0,10,0,8.38,35,22.5,75.88
20230420,1646,6,10,4,8.24,32.67,22.5,83.41
20230086,1675,0,10,0,7.54,32.67,25,75.21
20230965,1194,10,10,0,8.22,32.67,25,85.89
20231037,1682,10,10,4,8.54,32.67,25,90.21
20230435,1687,0,10,4,8.44,31.5,25,78.94
20230899,885,0,10,8,8.48,33.83,25,85.31
202300915,1691,0,10,0,7.66,32.67,25,75.33
20230240,1610,0,10,0,7.98,31.5,21.25,70.73
202300903,1613,0,10,2,7.9,35,17.5,72.4
202300886,1620,0,10,4,7.64,28,15,64.64
20230107,1434,0,8,2,8.78,26.83,22.5,68.11
20230628,198,0,10,0,7.88,26.83,20,64.71
20230763,667,0,0,2,8.6,26.83,25,62.43
20230292,1015,0,10,4,8.28,28,22.5,72.78
20230922,865,0,10,0,8.26,28,20,66.26
20230035,351,0,10,6,7.94,26.83,25,75.77
20230416,1594,10,10,2,8,22.17,22.5,74.67
20230030,225,0,10,10,8.9,30.33,25,84.23
20230609,1062,0,2,0,8.88,25.67,20,56.55
20230110,859,0,10,0,8.64,31.5,15,65.14
20230816,754,0,10,4,7.56,26.83,15,63.39
20230407,1533,0,10,0,7.78,29.17,15,61.95
202300861,1156,0,10,4,8.32,29.16,22.5,73.98
20230515,707,0,10,6,7.9,31.5,17.5,72.9
20230553,630,0,0,6,7.82,28,20,61.82
20230451,1205,0,10,2,8.26,25.67,25,70.93
20230310,445,0,10,2,7.8,29.16,15,63.96
20231032,656,2,10,4,8.54,25.67,17.5,67.71
20230765,1305,0,10,4,7.66,25.67,22.5,69.83
20230533,1260,0,10,4,8.48,30.33,20,72.81
20230768,1384,10,10,2,7.98,31.5,20,81.48
20230867,866,0,10,4,7.78,24.5,22.5,68.78
20230993,659,0,10,2,8.12,26.83,20,66.95
202300893,1427,0,10,0,8.24,24.5,15,57.74
20230875,164,0,10,2,7.68,25.67,22.5,67.85
20231019,1163,0,10,6,7.92,31.5,22.5,77.92
20230488,723,0,10,0,7.56,26.83,15,59.39
20231071,826,0,10,2,7.94,24.5,17.5,61.94
20231033,368,0,0,0,7.64,31.5,15,54.14
20230227,1154,0,10,4,7.52,30.33,17.5,69.35
20230350,70,0,10,0,8.98,26.83,25,70.81
20230298,977,0,10,0,8.5,28,25,71.5
20230779,498,0,10,8,7.74,25.6,20,71.34
20230787,1322,0,10,0,8.1,31.5,25,74.6
20230848,1220,0,10,2,8.3,24.5,20,64.8
20231013,1001,0,10,4,7.8,25.6,20,67.4
20231045,542,0,10,0,8.78,24.5,20,63.28
20230869,1113,0,10,10,8.44,25.6,20,74.04
20230842,45,0,10,0,7.6,29.2,20,66.8
20230935,551,0,10,8,8.1,25.6,20,71.7
20230886,291,0,10,6,8.28,33.8,19,78.08
20230838,1287,0,10,0,7.9,26.83,20,64.73
20230072,1241,0,10,2,7.92,24.5,22.5,66.92
20230971,252,0,10,0,7.96,24.5,20,62.46
20231046,792,0,10,2,8.46,30.33,25,75.79
20231068,1179,0,10,0,8.34,25.6,20,63.94
20230917,966,0,10,10,7.7,33.83,25,86.53
20230878,682,0,10,8,7.8,35,25,85.8
20230485,1176,6,10,9,8.6,31.5,22.5,87.6
20231073,954,0,10,9,7.9,30.33,25,82.23
20230572,886,,10,2,8.46,35,22.5,77.96
20230691,1139,,,,7.78,35,22.5,65.28
20230757,1329,,10,,8.7,35,22.5,76.2
20230611,693,,10,4,8.48,35,22.5,79.98
20230094,64,,10,,8.58,35,22.5,76.08
20230862,1058,,10,6,7.68,35,22.5,81.18
20230682,587,,10,2,8.1,35,22.5,77.6
20230972,1109,,10,2,8.36,33.83,22.5,76.69
20230964,1334,,10,2,7.74,33.83,22.5,76.07
20230964,1339,,10,2,7.74,33.83,22.5,76.07
20230964,1341,,10,2,7.74,33.83,22.5,76.07
20230726,1245,,10,2,8.32,35,22.5,77.82
20230637,1295,,10,2,7.7,35,22.5,77.2
20230560,1082,,10,2,7.68,33.83,22.5,76.01
20230680,391,,10,2,7.5,35,22.5,77
20230825,1352,,10,2,9.04,35,22.5,78.54
20230859,1608,,10,,8.42,35,22.5,75.92
20231016,1353,,10,,8.48,35,22.5,75.98
20230512,1394,,,2,8.4,33.83,22.5,66.73
20230734,1633,,10,8,7.58,,22.5,48.08
20230010,1372,,10,2,8.38,35,22.5,77.88
20230608,1375,,10,,8.22,35,22.5,75.72
20230862,1058,,10,6,7.68,35,22.5,81.18
20230015,1347,4,10,4,7.9,35,22.5,83.4
202300881,1456,,10,2,7.78,35,22.5,77.28
20230002,1298,0,10,6,8.22,31.5,17.5,73.22
20230170,1208,0,10,2,9.28,35,20,76.28
20230803,524,0,10,4,7.74,31.5,17.5,70.74
20230477,663,0,10,8,7.68,31.5,20,77.18
20230450,1311,0,10,0,8.32,35,17.5,70.82
20230501,624,0,10,0,9.08,33.83,22.5,75.41
20230640,1020,0,10,0,7.8,29.17,15,61.97
20231000,247,0,8,10,8.38,33.83,17.5,77.71
20230178,550,0,10,6,7.92,33.83,15,72.75
20230901,258,0,10,6,7.72,30.33,17.5,71.55
20230856,345,0,10,0,8.54,33.83,20,72.37
20230115,545,0,10,10,8.52,29.17,17.5,75.19
20231004,1279,0,10,4,8.26,31.5,20,73.76
20231002,362,0,10,6,8.64,35,15,74.64
20231003,440,0,10,8,8.12,35,16.25,77.37
20230433,556,0,10,4,8.18,33.83,25,81.01
20230207,1284,0,10,4,7.5,35,17.5,74
20230812,582,0,10,8,7.84,33.83,20,79.67
20231058,641,0,10,0,7.82,35,20,72.82
20230273,1117,0,10,6,7.78,35,12.5,71.28
20230793,1243,0,10,2,7.82,30.33,17.5,67.65
20230080,1065,0,10,6,8.94,33.83,15,73.77
20230228,589,0,10,0,8.86,30.33,22.5,71.69
20230799,669,0,10,8,7.5,35,12.5,73
20230484,653,0,10,10,7.7,31.5,17.5,76.7
20230413,1293,2,10,4,7.8,33.83,15,72.63
20230269,761,0,10,4,8.02,32.67,20,74.69
20231054,650,0,10,4,8.1,35,22.5,79.6
20230304,1338,0,10,0,7.64,32.67,7.5,57.81
20230804,1239,0,10,4,8.3,29.17,17.5,68.97
20230071,1308,0,10,10,7.7,31.5,15,74.2
20230801,1234,0,10,4,7.6,28,20,69.6
20230997,239,0,10,6,7.86,31.5,22.5,77.86
20230795,1233,0,10,4,8.12,30.33,20,72.45
20230806,1264,0,10,4,8.2,31.5,20,73.7
20230629,549,0,10,6,8.38,35,15,74.38
20230719,1261,0,10,2,7.68,31.5,20,71.18
20230807,973,0,10,4,8.7,32.67,15,70.37
20230291,875,0,10,7,8.02,35,22.5,82.52
20230689,700,0,4,0,7.9,31.5,17.5,60.9
20230796,602,0,10,4,7.98,31.5,20,73.48
20230808,1251,0,10,6,8.06,30.33,17.5,71.89
202300876,1324,4,4,10,7.78,32.67,16.25,74.7
20230434,628,0,2,2,8.1,35,20,67.1
20230794,1232,0,2,4,7.74,35,15,63.74
20231051,681,6,10,4,8.62,35,25,88.62
20230336,416,0,10,6,7.84,35,17.5,76.34
20230664,1281,0,10,2,8.02,32.67,22.5,75.19
20231012,414,0,10,6,7.92,33.8,8.75,66.47
20230639,727,0,10,8,8.02,33.83,20,79.85
20230636,1132,0,10,8,7.5,35,17.5,78
20230054,1064,0,10,6,8.36,32.66,13.75,70.77
20230119,544,0,10,4,8.48,33.83,18.75,75.06
20230872,598,0,4,0,8.5,33.83,17.5,63.83
20230340,431,0,10,8,7.66,32.67,10,68.33
20231052,604,0,10,6,7.78,35,20,78.78
20230272,256,0,10,6,7.82,35,17.5,76.32
20230283,1118,0,10,4,8,29.17,12.5,63.67
20230129,547,0,10,10,7.76,32.67,20,80.43
20230238,1116,0,10,2,8.32,30.33,16.25,66.9
20230258,1255,0,0,4,7.72,28,20,59.72
20230665,1272,0,10,0,7.76,31.5,15,64.26
20230226,948,0,10,0,8.94,31.5,17.5,67.94
20230498,845,0,10,2,8.1,32.67,15,67.77
20230251,1280,0,2,2,8.68,35,20,67.68
20230066,595,0,10,6,8.68,32.67,25,82.35
20230802,1222,0,10,8,7.72,35,17.5,78.22
202300869,1271,0,0,10,9.1,31.5,15,65.6
20230728,1400,0,10,6,8.44,28,15,67.44
20230396,1507,0,2,4,8.36,30.33,15,59.69
202300906,1584,0,10,0,8.7,30.33,22.5,71.53
20230820,284,0,10,10,7.64,35,22.5,85.14
20230464,1315,0,10,2,8.62,31.5,15,67.12
20230817,267,0,10,2,8.84,35,17.5,73.34
20230874,308,0,10,2,8.14,32.67,25,77.81
20230844,1185,0,10,0,8.1,35,17.5,70.6
202308687,153,0,10,4,8.2,32.67,22.5,77.37
20230303,82,0,10,0,8.98,30.33,10,59.31
20230017,794,0,10,2,8.54,33.83,12.5,66.87
20230037,702,0,10,0,7.92,32.67,7.5,58.09
20230889,1231,0,10,0,7.82,32.67,20,70.49
20230044,1332,0,0,2,8.74,33.83,17.5,62.07
20230145,78,0,10,0,8.64,32.67,12.5,63.81
20230610,1248,0,10,2,8.06,30.33,22.5,72.89
20230247,548,0,0,0,8.52,33.8,15,57.32
20230758,649,0,10,2,8.54,33.67,12.5,66.71
20230911,69,0,10,2,8.94,33.83,22.5,77.27
20230253,77,0,10,0,8.12,22.17,17.5,57.79
20230620,381,0,10,2,8.34,31.5,25,76.84
20230876,463,0,10,4,7.98,33.83,20,75.81
20230204,1224,0,10,4,8.14,26.83,7.5,56.47
20230981,224,0,10,6,8.02,31.5,17.5,73.02
20230221,1480,0,10,4,8.26,32.67,12.5,67.43
20230395,1553,0,10,2,7.7,33.8,22.5,76
20230159,1409,10,8,8,7.78,33.83,5,72.61
202300892,1411,10,10,7,7.76,32.67,10,77.43
202300891,14056,0,10,2,7.5,30.33,12.5,62.33
20230276,1387,0,10,6,8.04,31.5,10,65.54
20230463,248,0,10,2,7.98,24.5,10,54.48
20230871,1399,0,10,2,8.64,35,5,60.64
20230068,1433,0,10,2,7.84,24.5,15,59.34
20230193,1518,0,10,0,8.74,31.5,6.25,56.49
20230293,1562,0,10,2,7.8,22.17,10,51.97
20230767,1485,0,2,2,7.98,31.5,12.5,55.98
20230445,1590,0,0,0,7.62,32.67,10,50.29
20230208,1349,0,10,0,8.74,31.5,25,75.24
20230016,871,0,10,2,8.88,34.417,22.5,77.797
20230988,805,0,10,8,7.78,33.25,17.5,76.53
20230444,473,0,10,8,8.32,28,20,74.32
202300852,1572,0,10,8,7.62,34.417,12.5,72.537
20230060,1501,0,10,2,8.48,34.417,17.5,72.397
20230079,1282,0,10,2,8.96,35,15,70.96
20230022,1516,0,10,2,7.94,33.25,17.5,70.69
20230077,68,0,10,0,8.64,33.833,17.5,69.973
20230134,1337,0,10,8,7.66,30.333,12.5,68.493
20230122,862,0,4,8,8.1,30.333,17.5,67.933
20230040,818,0,10,2,8.58,26.25,20,66.83
20230007,1491,0,10,0,7.62,31.5,17.5,66.62
20230387,899,0,10,6,8.26,29.75,12.5,66.51
20230127,1268,0,10,4,8.42,28,15,65.42
20230050,1278,0,10,0,7.66,34.417,10,62.077
20230043,1406,0,4,4,8.04,30.333,15,61.373
20230084,1296,0,10,0,7.86,28,15,60.86
20230979,1274,0,10,0,7.86,27.417,15,60.277
20230031,1519,0,10,2,7.52,32.667,7.5,59.687
20230082,1504,0,10,0,7.9,29.167,12.5,59.567
20230267,655,0,10,0,7.5,26.833,15,59.333
20230507,1321,0,10,6,7.63,24.5,10,58.13
20230287,932,0,4,0,8.52,26.833,15,54.353
20230046,896,0,4,0,7.64,27.417,12.5,51.557
20230370,1237,0,4,0,7.86,31.5,15,58.36
20230986,523,0,0,0,8.2,28,15,51.2
20230700,858,0,10,4,8.28,33.95,12.5,68.73
20230497,1141,0,10,4,8.04,33.83,25,80.87
20230219,1171,0,10,10,7.92,32.67,22.5,83.09
20230782,576,0,10,2,8.58,29.17,17.5,67.25
20230841,775,0,0,0,8.32,28,20,56.32
20230067,662,0,10,8,8.38,31.5,17.5,75.38
20230244,918,0,10,4,8.6,30.33,22.5,75.43
20230373,846,0,10,2,7.56,29.17,17.5,66.23
20230003,49,0,10,2,7.72,32.67,20,72.39
20230020,80,0,10,0,7.56,32.67,12.5,62.73
20230503,946,0,10,4,7.96,31.5,17.5,70.96
20230520,902,0,8,0,8.6,32.66,17.5,66.76
20230695,1127,0,10,4,8.16,30.33,17.5,69.99
20230181,367,0,10,0,8.08,30.45,17.5,66.03
20230103,962,0,10,0,8.6,33.83,12,64.43
20230048,1016,0,10,6,8.26,33.83,17.5,75.59
20230495,864,0,10,4,7.62,32.66,17.5,71.78
20230693,91,0,10,4,7.64,29.17,15,65.81
20230172,1187,0,10,0,8.54,29.17,17.5,65.21
20230075,38,0,10,0,8.72,33.83,22.5,75.05
20230013,61,0,10,2,7.76,30.33,22.5,72.59
20230673,419,0,10,2,7.62,29.17,15,63.79
20230011,570,0,4,0,7.88,35,12.5,59.38
20230527,1189,0,10,0,7.68,32.55,22.5,72.73
20230552,726,0,10,2,7.54,26.83,15,61.37
20230049,96,0,10,0,9.06,32.55,20,71.61
20230278,115,0,10,2,7.96,33.95,10,63.91
20230446,109,0,10,0,8.46,33.95,20,72.41
20230505,349,0,10,4,7.5,33.83,20,75.33
20230074,101,0,10,0,9.14,28,20,67.14
20230189,1070,0,10,0,8.58,30.33,17.5,66.41
20230042,324,0,10,0,7.68,28,15,60.68
20230265,102,0,10,0,9.12,33.83,25,77.95
20230481,1008,0,10,10,7.62,29.17,17.5,74.29
202300851,1033,0,10,2,7.54,31.5,15,66.04
20230045,340,0,10,0,8.06,30.33,15,63.39
20230179,90,0,10,0,8.72,31.5,15,65.22
20230974,1007,0,10,2,8.3,32.66,25,77.96
20230741,915,0,10,2,8.02,32.67,15,67.69
202300857,1051,0,10,0,8.64,33.95,17.5,70.09
20230627,1184,0,10,0,7.74,33.95,17.5,69.19
202300848,1112,0,10,0,7.94,28,20,65.94
20230214,990,0,10,0,9.16,32.66,22.5,74.32
20230487,671,0,10,4,8.36,35,22.5,79.86
20231043,504,0,10,4,8.24,33.83,10,66.07
20230669,1025,8,10,6,7.8,33.83,17.5,83.13
20230615,333,10,10,2,7.56,31.5,25,86.06
20230945,861,0,10,2,7.58,33.83,15,68.41
20230462,1029,0,10,4,7.62,32.67,20,74.29
20230696,103,0,10,4,7.58,32.66,17.5,71.74
20230735,936,0,10,2,8.54,29.05,20,69.59
20230225,772,0,10,2,8.74,31.5,10,62.24
20230701,1291,0,10,10,8.58,26.83,10,65.41
20230138,717,0,10,4,8.02,29.17,20,71.19
20230666,1474,0,10,4,8.24,32.55,21.25,76.04
202300880,1465,0,10,4,8.28,29.17,12.5,63.95
20230938,1460,0,10,4,8.25,32.67,20,74.92
20230164,852,0,10,0,8.22,32.66,22.5,73.38
20230948,1471,0,10,0,8.54,31.5,17.5,67.54
202330302,1140,0,10,2,7.58,32.67,17.5,69.75
20230681,1416,0,10,2,7.94,33.83,15,68.77
20230313,451,0,10,4,9,33,20,75.89
20230325,828,0,10,2,8.46,31.5,15,66.96
20230425,1093,0,10,4,8.34,33.83,15,71.17
20230453,1512,0,10,4,7.54,32.66,22.5,76.7
20230306,1536,0,10,0,9.26,33.25,15,67.51
20230143,1568,0,10,10,7.92,33.25,22.5,83.67
20230372,1589,0,10,0,8.42,32.66,12.5,63.58
20231049,560,0,6,4,7.88,32.66,22.5,73.04
20230152,1559,0,10,0,8.68,32.66,22.5,73.84
202300879,1635,0,10,0,9.08,34.42,17.5,71
20230249,477,0,10,0,8.12,32.66,20,70.78
20230722,468,0,10,6,7.54,32.67,20,76.21
20230356,640,0,10,4,8.16,33.25,22.5,77.91
20230352,531,0,10,6,7.56,32.67,15,71.23
20230354,339,0,10,4,7.68,29,20,70.68
20230410,648,0,10,4,7.78,33.25,15,70.03
20230337,666,0,10,2,8.22,32.67,20,72.89
20230248,495,0,10,0,8.42,31.5,17.5,67.42
20230353,1542,0,10,2,8.92,35,16.3,72.17
202300904,1557,0,4,10,7.52,32.67,17.5,71.69
20230448,1459,0,10,0,8.44,33.25,20,71.69
20230771,303,0,0,0,8.02,31.5,15,54.52
20230142,1543,0,10,4,8.98,31.5,20,74.48
20230342,426,0,10,4,7.9,32.08,20,73.98
202300889,1530,0,10,0,8.56,34.42,15,67.98
20230400,1583,3,10,0,8.1,32.09,17.5,70.69
20230399,773,0,10,2,8.32,32.09,20,72.41
202300873,1292,0,10,6,8.34,30.92,17.5,72.76
20230491,415,0,10,6,7.88,34.42,17.5,75.8
20230364,1569,0,4,6,7.7,33.25,17.5,68.45
20230377,1136,0,10,0,8.84,32.66,17.5,69
20230321,1577,0,10,4,8.38,33.25,20,75.63
20230144,1556,0,10,0,8.36,32.08,15,65.44
20230202,317,0,10,4,8.32,33.83,22.5,78.65
20230357,1494,0,10,10,8.38,34.42,20,82.8
20230428,203,0,10,8,8.08,31.5,22.5,80.08
20230566,217,0,10,1,8.1,33.83,20,72.93
20230366,527,0,10,8,7.78,34.42,17.5,77.7
20230371,1558,0,10,10,8.38,32.08,15,75.46
20230738,789,0,10,6,8.02,33.83,17.5,75.35
20230348,1026,0,10,6,7.92,33.25,20,77.17
20230215,1555,0,10,6,7.9,34.42,12.5,70.82
20230171,1561,6,10,2,8.62,35,20,81.62
20230376,1538,6,10,6,7.58,32.67,20,82.25
20230418,1509,0,10,6,7.84,33.83,20,77.67
20230093,1537,2,10,2,8.3,32.08,22.5,76.88
20230893,1582,0,10,0,8.32,33.25,15,66.57
20230312,1477,0,10,6,7.7,32.08,15,70.78
20230429,84,0,10,4,8.64,30.91,15,68.55
20230470,232,0,10,6,8.18,32.66,20,76.84
202300870,1540,0,10,4,9,34.42,12.5,69.92
20230141,1539,0,10,4,9.1,33.83,25,81.93
202300902,1617,0,10,0,8.26,33.25,22.5,74.01
20230516,322,0,10,2,8.8,33.25,22.5,76.55
20230315,1131,0,10,6,8.4,33.83,20,78.23
20230398,1506,0,10,6,7.92,32.66,22.5,79.08
20230405,1499,0,10,6,8.7,34.42,17.5,76.62
20230414,816,0,10,2,9.02,30.66,20,71.68
202300759,890,0,10,4,8.46,33.83,17.5,73.79
202300109,1418,0,10,0,7.82,32.66,12.5,62.98
20230818,746,0,10,6,7.7,33.83,12.25,69.78
20230329,739,0,2,0,8.3,30.33,12.5,53.13
20231057,619,0,10,8,7.8,30.33,17.5,73.63
20230123,1148,0,10,8,7.74,30.33,12.5,68.57
20230625,569,0,10,4,7.72,35,20,76.72
20230670,1200,0,10,2,8.5,35,15,70.5
20230140,1052,0,0,0,8.82,31.5,17.5,57.82
20230984,1226,0,10,6,7.82,30.33,5,59.15
20230810,19,0,10,6,8.7,35,22.5,82.2
20230539,311,0,10,0,8.8,31.5,15,65.3
20230177,485,0,10,0,9.3,32.67,20,71.97
20230146,370,0,10,6,8.38,31.5,12.5,68.38
20230120,679,0,10,1,7.64,29.17,10,57.81
20230209,329,0,10,4,7.58,31.5,12.5,65.58
20230721,928,0,10,0,7.92,31.5,10,59.42
20230877,741,0,10,8,7.82,30.33,17.5,73.65
20230960,605,0,10,2,8.1,33.83,22.5,76.43
20230154,1188,0,10,1,7.78,33.83,15,67.61
20230131,530,0,10,0,7.6,31.5,7.5,56.6
20230524,1080,0,10,0,8.26,33.83,12.5,64.59
20230685,192,0,10,4,8.5,35,15,72.5
20230925,838,0,10,4,8.68,35,5,62.68
20230830,1173,6,10,9,7.6,33.83,15,81.43
20230116,610,0,10,0,9.04,35,25,79.04
20230712,250,0,10,2,7.84,33.83,12.5,66.17
20230957,237,0,10,4,7.86,32.67,12.5,67.03
20230923,975,0,10,4,8.28,35,10,67.28
20230662,13,0,10,5,7.84,29.17,5,57.01
20230924,1012,0,10,4,7.72,33.83,7.5,63.05
20230311,188,0,10,0,7.66,33.83,5,56.49
20230099,234,0,10,0,9.1,30.33,7.5,56.93
20230089,541,0,9,0,7.7,30.33,7.5,54.53
20230946,658,0,10,8,7.62,32.67,5,63.29
20231018,558,0,10,6,7.62,30.33,17.5,71.45
20230523,831,0,10,10,7.52,31.5,6.25,65.27
20230813,543,0,10,8,7.66,30.33,25,80.99
20230784,1290,0,10,2,7.52,33.83,22.5,75.85
20231061,952,0,10,2,8.58,33.83,10,64.41
20230096,1089,0,2,0,8.04,33.83,10,53.87
20230792,920,0,10,0,7.56,30.33,7.5,55.39
20230985,879,0,10,2,7.92,30.33,15,65.25
20230157,358,0,10,2,8.04,32.7,7.5,60.24
20230557,747,0,10,0,8.58,33.83,22.5,74.91
20230494,1048,0,10,4,7.62,32.67,22.5,76.79
20230113,398,0,10,4,7.5,31.5,17.5,70.5
20230104,579,0,10,2,7.78,31.5,22.5,73.78
20230200,478,0,10,4,7.64,33.83,22.5,77.97
20230822,384,0,10,7,8.24,29.16,20,74.4
20230914,637,0,2,0,7.76,31.5,10,51.26
20230819,128,0,10,0,8.5,33.83,22.5,74.83
20231063,790,0,10,2,8.32,31.5,20,71.82
20230549,1038,0,2,0,7.88,31.5,20.25,61.63
20231059,889,0,10,4,7.74,30.33,17.5,69.57
20230887,577,0,10,3,8.16,33.83,20,74.99
20230555,1238,0,10,0,8.72,31.5,5,55.22
20230561,841,0,10,4,8,32.67,17.5,72.17
202300856,1002,0,10,6,7.74,31.5,22.5,77.74
20231039,489,0,10,0,8.72,31.5,12.5,62.72
20230743,1061,0,10,0,7.72,35,20,72.72
20230518,1024,0,0,0,7.7,30.33,12.5,50.53
20230235,1301,0,10,0,8.06,31.5,17.5,67.06
20230987,1223,0,10,2,7.66,32.66,10,62.32
20230274,73,0,10,4,7.98,33.83,7.5,63.31
20230688,184,0,10,6,8.22,30.33,15,69.55
20230989,745,0,10,6,7.78,30.33,15,69.11
20230921,898,0,10,8,8.1,35,12.5,73.6
20230786,295,0,10,2,8.18,31.5,7.5,59.18
20230101,1263,0,10,0,8.84,29.16,5,53
20230282,674,0,10,0,7.9,33.83,10,61.73
20230345,1036,0,10,2,7.78,32.67,22.5,74.95
20230526,979,0,10,4,8.64,30.33,20,72.97
20230529,675,0,10,6,7.66,35,12.5,71.16
20231024,749,0,0,0,7.68,32.67,10,50.35
20230279,1289,0,8,10,7.9,31.5,10,67.4
20230790,435,0,6,0,8.42,31.5,15,60.92
20230559,839,0,10,2,8.1,31.5,10,61.6
20231044,1086,0,10,8,7.86,31.5,10,67.36
20230476,998,0,10,0,7.5,33.83,12.5,63.83
20230852,907,0,10,0,7.7,33.83,12.5,64.03
20230185,522,0,10,8,8.02,33.83,12.5,72.35
20230686,213,0,8,5,8.36,33.83,22.5,77.69
20230883,554,0,10,6,7.74,33.83,22.5,80.07
20230147,465,0,10,4,8.54,33.8,20,76.34
20230798,751,0,10,0,7.86,31.5,5,54.36
20230888,1215,0,10,0,9.04,32.67,10,61.71
20230073,1218,6,10,0,7.84,33.83,10,67.67
20230643,941,0,10,0,8.76,33.83,7.5,60.09
20230277,771,0,10,2,7.76,33.83,10,63.59
20230098,453,0,10,0,8.7,31.5,10,60.2
20230062,309,0,10,0,8.28,33.83,15,67.11
20230714,668,0,10,0,8.02,33.83,10,61.85
20230100,1149,0,10,0,7.98,32.66,10,60.64
20230780,1452,0,10,5,7.6,32.66,10,65.26
20231020,1365,0,10,4,8.18,33.83,10,66.01
20230811,947,0,10,6,8.91,30.33,25,80.23
20230422,765,0,2,10,7.78,33.83,22.83,76.44
20230936,325,0,10,10,7.5,33.83,22.5,83.83
20230968,437,0,10,0,8.46,32.66,20,71.12
20230528,981,0,10,0,8.6,32.67,22.5,73.77
20230386,134,0,10,2,7.78,33.83,22.5,76.11
20230056,1663,0,10,0,7.8,29.17,22.5,69.47
20231027,870,0,10,6,8.06,35,25,84.06
20230580,677,0,10,2,7.56,33.83,22.5,75.89
20230906,200,2,10,4,7.76,29.17,22.5,75.43
20230621,1269,0,10,4,8.06,31.5,22.5,76.06
20230999,1202,0,10,2,7.76,31.5,25,76.26
20230457,231,0,10,2,7.58,31.5,22.5,73.58
20230991,219,0,10,0,8.16,35,22.5,75.66
20230641,1342,0,6,0,8.16,32.67,25,71.83
20230759,222,0,0,0,7.8,35,20,62.8
20230769,122,0,10,4,8.44,33.83,20,76.27
20230263,165,0,0,0,8.6,33.83,22.5,64.93
20230776,855,0,10,0,8.82,32.67,25,76.49
20230831,233,0,10,10,7.76,31.5,20,79.26
20230860,860,8,10,8,7.82,35,22.5,91.32
20231023,441,0,10,4,7.92,29.17,22.5,73.59
20230915,418,0,10,8,7.76,31.5,22.5,79.76
20230961,546,0,4,0,7.98,33.83,25,70.81
20230963,703,0,10,10,7.7,31.5,25,84.2
20230565,241,0,10,6,8.28,35,25,84.28
20230744,281,0,10,10,7.52,35,22.5,85.02
20231017,921,0,10,0,7.76,31.5,20,69.26
20231040,1216,0,10,4,7.74,29.17,20,70.91
20230737,562,0,10,0,8.44,29.17,22.5,70.11
20230554,880,0,6,0,8.52,31.5,25,71.02
20230607,347,0,10,6,7.5,29.17,20,72.67
20231022,314,10,10,4,8.92,33.83,25,91.75
20231026,810,0,10,0,8.18,33.83,25,77.01
20230742,343,0,10,2,7.96,30.33,20,70.29
20230619,1077,0,10,2,8.32,33.83,25,79.15
20230690,1247,0,10,0,8.08,31.5,17.5,67.08
20230023,1191,0,10,0,8.04,29.17,20,67.21
20230994,221,0,2,0,9.06,29.17,25,65.23
20230752,665,4,10,4,7.96,32.67,22.5,81.13
20230158,1661,0,10,0,8.16,29.17,22.5,69.83
20230195,147,0,10,0,8.36,29.17,25,72.53
20230197,117,0,10,6,8.32,33.83,22.5,80.65
20230739,1032,0,10,6,8.78,33.83,20,78.61
20230618,24,0,10,0,7.94,35,22.5,75.44
20230039,304,0,10,6,7.66,29.17,25,77.83
20230908,302,0,10,10,9.02,35,25,89.02
20230631,298,0,10,0,8.6,33.83,25,77.43
20230587,670,0,10,2,8.7,35,20,75.7
20230606,421,0,10,6,7.72,33.83,25,82.55
20230775,393,0,10,0,8.28,29.17,22.5,69.95
20230622,791,4,10,2,8.3,33.83,22.5,80.63
20231025,803,0,10,0,7.6,31.5,25,74.1
20230070,1325,0,10,2,7.5,32.67,25,77.17
20231015,361,0,10,4,7.56,32.67,20,74.23
20230653,410,0,4,0,7.76,32.27,15,59.03
20231029,651,0,10,4,7.88,33.83,22.5,78.21
20230788,433,0,10,2,7.76,32.67,20,72.43
20230952,817,0,10,10,7.76,32.67,25,85.43
20230603,824,0,10,6,7.5,30.33,22.5,76.33
20230833,111,0,10,6,7.84,35,22.5,81.34
20230545,689,0,10,0,8.22,32.67,22.5,73.39
20230635,917,0,10,2,7.92,32.67,20,72.59
20231066,734,0,10,4,8.68,32.67,25,80.35
20230967,442,0,10,0,8.28,31.5,20,69.78
20230647,728,0,10,0,7.8,32.67,20,70.47
20230586,282,0,10,4,8.617,33.83,20,76.447
20230194,127,0,4,2,7.96,33.83,22.5,70.29
20230832,320,0,10,6,7.82,33.83,20,77.65
20230599,406,0,10,6,8.48,33.83,20,78.31
20230591,399,0,10,4,8.12,33.83,20,75.95
20230517,1676,0,0,4,8.56,33.83,22.5,68.89
20230750,1658,0,6,4,8.5,31.5,25,75
20230616,1625,0,10,4,8.66,31.5,25,79.16
20230612,1645,0,10,0,7.86,29.17,25,72.03
20231080,1679,0,0,6,8.66,32.67,25,72.33
20230380,1655,0,10,0,8.6,33.83,25,77.43
20230973,1586,0,10,0,8.2,32.67,20,70.87
20230195,147,0,10,0,8.36,29.17,25,72.53
20230290,377,0,10,4,8.06,29.17,25,76.23
20230240,1692,0,10,0,7.86,32.67,20,70.53
20230658,1681,0,2,0,8.36,35,25,70.36
20230867,1151,0,10,10,7.5,30.33,25,82.83
20230435,1687,0,10,4,8.44,31.5,25,78.94
20230257,1671,0,10,2,7.78,29.17,22.5,71.45
20230133,1690,10,10,8,8.4,33.83,20,90.23
20230736,1652,0,10,0,7.5,32.67,25,75.17
20230349,1695,0,0,0,7.66,23.345,25,56.005
20230111,1137,0,10,0,7.66,33.83,15,66.49
20230858,634,0,4,0,8.74,29.17,22.5,64.41
20230912,687,0,10,6,8.46,31.5,15,70.96
202300897,1531,0,10,0,7.74,29.17,15,61.91
20231070,1410,0,10,6,7.96,31.5,15,70.46
20230149,1356,0,10,4,7.64,31.5,25,78.14
20230297,1201,0,10,2,7.72,29.17,12.5,61.39
20230628,199,0,10,0,7.88,26.83,20,64.71
20230153,719,0,10,2,7.74,31.5,17.5,68.74
20230763,1340,0,0,2,8.6,26.83,25,62.43
20230990,744,0,10,6,8.72,30.33,15,70.05
20230478,1211,0,4,2,7.54,31.5,15,60.04
20231072,1028,0,10,6,7.7,32.67,12.5,68.87
20230879,456,0,2,10,7.5,32.67,10,62.17
202300860,1593,0,10,4,8.22,30.33,22.5,75.05
20230052,1361,0,10,0,8.5,30.33,25,73.83
20230110,854,0,10,0,8.64,31.5,15,65.14
202300894,1457,0,4,0,7.56,29.17,15,55.73
202300896,1527,0,10,0,8.56,33.83,15,67.39
20230474,991,0,10,4,7.56,29.17,17.5,68.23
20230594,1435,0,10,10,8.48,31.5,17.5,77.48
20230182,1,0,0,0,8.28,30.33,15,53.61
20230553,629,0,0,6,7.82,28,20,61.82
20230117,1412,0,4,0,7.96,31.5,22.5,65.96
202300884,1369,0,10,4,8.22,31.5,15,68.72
20230451,1204,0,10,2,8.26,25.67,25,70.93
20230281,1172,0,10,0,8.78,32.67,15,66.45
20230521,724,0,10,0,8.76,31.5,15,65.26
20230867,908,0,10,4,7.78,24.5,22.5,68.78
20230355,912,0,10,2,7.74,33.83,20,73.57
20230733,1010,0,10,6,7.54,30.33,15,68.87
20230275,1199,0,6,4,8.76,30.33,15,64.09
202300887,1415,0,8,2,7.58,30.33,15,62.91
20231055,1368,0,10,0,8.3,31.5,15,64.8
20230884,644,0,10,6,7.98,31.5,17.5,72.98
20230259,1430,0,10,4,8.06,31.5,12.5,66.06
20231005,1198,0,10,10,7.56,33.83,16.25,77.64
20230112,1168,0,10,10,7.7,33.83,15,76.53
20230280,1159,0,10,2,8.2,29.17,22.5,71.87
20230815,712,0,10,2,8.8,32.67,20,73.47
20230834,1018,0,10,4,8.22,32.67,25,79.89
202300859,1525,0,0,0,8.22,29.17,22.5,59.89
20230941,572,0,10,2,8.68,30.33,15,66.01
20231041,1240,0,10,0,8.44,29.17,12.5,60.11
20231042,1404,0,10,2,8.62,29.17,17.5,67.29
20230873,623,0,10,0,8.5,31.5,20,70
20230977,843,0,10,6,8.34,31.5,15,70.84
20230162,283,0,10,4,8.1,32.67,15,69.77
20230108,1273,0,10,0,8.42,32.67,17.5,68.59
20230902,1178,4,10,6,7.88,33.83,20,81.71
20230359,557,0,10,2,8.5,31.5,20,72
20230468,958,0,10,2,8.08,29.16,25,74.24
20230626,430,0,10,10,7.66,29.16,20,76.82
20230779,497,0,10,8,7.74,25.6,20,71.34
202300850,877,0,10,4,8.26,30.33,22.5,75.09
20230579,722,0,10,4,7.92,30.33,20,72.25
20230362,1106,0,10,4,8.6,31.5,20,74.1
20230907,240,0,10,2,7.76,30.33,25,75.09
20230942,106,0,10,2,8.46,30.33,22.5,73.29
20230092,764,0,10,2,9.14,32.66,20,73.8
20230885,264,0,10,2,7.66,32.66,20,72.32
20230482,279,0,10,2,7.8,33.83,18.75,72.38
20230959,210,0,0,4,7.54,32.67,25,69.21
20230081,1050,0,10,2,7.78,35,23.75,78.53
202300847,1023,0,10,1,9.32,32.67,25,77.99
20230740,797,0,10,6,7.62,33.83,23.75,81.2
20231014,315,0,10,4,7.78,33.87,25,80.65
20230525,323,0,10,10,7.84,35,25,87.84
20231013,1000,0,10,4,7.8,25.6,20,67.4
20230958,120,2,10,3,8.5,35,23.75,82.25
20230929,1072,0,10,2,7.58,32.67,25,77.25
20230927,226,0,10,10,7.9,33.83,25,86.73
20230571,574,0,10,0,8.3,32.67,21.25,72.22
20230892,798,0,10,10,7.7,32.66,25,85.36
20231079,1150,0,10,4,7.74,32.66,22.5,76.9
20230252,853,0,10,8,8.02,33.83,22.5,82.35
20230932,404,0,10,8,7.5,31.5,20,77
20230650,711,0,10,0,7.84,31.5,20,69.34
20230998,388,4,10,4,7.56,32.66,20,78.22
20230956,299,0,10,10,8.04,30.33,20,78.37
20230930,1314,0,8,0,8.08,31.5,20,67.58
20230250,334,0,6,2,7.96,33.83,17.5,67.29
20230550,327,,10,6,8.22,31.5,22.5,78.22
20230870,686,0,10,2,8.4,32.26,25,77.66
20230890,467,0,10,2,8.56,32.6,22.5,75.66
20230649,342,0,10,8,7.86,33.83,25,84.69
20230839,519,0,10,6,8.3,30.33,25,79.63
20230894,167,0,10,2,8.68,33.83,25,79.51
20230857,145,0,10,6,7.52,32.67,25,81.19
20230791,1257,0,10,8,7.6,32.67,25,83.27
20230861,223,0,10,6,8.06,33.83,0,57.89
20230655,835,0,10,0,8.94,31.5,25,75.44
20231008,876,0,10,6,7.7,33.83,20,77.73
20230749,760,0,10,4,8.38,30.33,25,77.71
20230935,552,0,10,8,8.1,25.6,20,71.7
20230754,1258,0,10,2,8.66,30.33,20,70.99
20230886,290,0,10,2,8.28,33.8,19,74.08
20230623,715,0,10,0,8.98,30.45,22.5,71.93
20230165,528,0,10,4,7.86,29.16,25,76.02
20230778,481,0,10,4,7.76,33.83,25,80.59
20230564,985,0,10,3,7.86,35,25,80.86
20230917,967,0,10,10,7.7,33.83,25,86.53
20230916,63,0,10,0,8.64,32.67,20,71.31
20230485,1176,6,10,9,8.6,31.5,22.5,87.6
20230983,202,0,0,4,7.72,29.16,18.75,59.63
20231073,953,0,10,9,7.9,30.33,25,82.23
20230760,246,0,10,3,7.56,33.83,25,79.39
20230943,1068,0,10,6,8.12,29.16,22.5,75.78
20230992,1439,0,10,2,8.54,29.17,25,74.71
20230613,411,,10,2,8.2,35,22.5,77.7
20230567,1152,,10,,8.72,35,22.5,76.22
20230691,974,,0,,7.78,35,22.5,65.28
20230160,18,,4,,8.5,35,22.5,70
20231011,249,,2,,7.9,35,22.5,67.4
20230755,354,,10,4,7.9,35,22.5,79.4
20230513,692,,,,8.24,35,22.5,65.74
20230898,112,,10,,7.86,33.83,22.5,74.19
20230955,159,,2,,7.8,35,22.5,67.3
20230826,1126,,,2,8.4,35,22.5,67.9
20231034,484,,10,2,8.04,33.83,22.5,76.37
20230161,20,,,,8.1,33.83,22.5,64.43
20230862,1056,,10,6,7.68,35,22.5,81.18
20230569,71,,10,4,7.86,33.83,22.5,78.19
20230682,590,,10,2,8.1,35,22.5,77.6
20230747,300,,10,4,8.66,35,22.5,80.16
20230726,1242,,10,2,8.32,35,22.5,77.82
20230637,1294,,10,2,7.7,35,22.5,77.2
20230680,392,,10,2,7.5,35,22.5,77
20230756,374,,10,2,7.9,35,22.5,77.4
20230570,72,,10,4,8.3,35,22.5,79.8
20230473,647,,10,4,8.06,33.83,22.5,78.39
20230254,755,,10,2,8.28,33.83,22.5,76.61
20230687,156,,,,8.48,33.83,22.5,64.81
20230617,926,,10,6,7.88,35,22.5,81.38
202300858,1181,,10,,7.74,35,22.5,75.24
20230746,44,,10,4,8.46,33.83,22.5,78.79
20231047,1487,,10,2,8.08,33.83,22.5,76.41
202300895,1588,6,10,2,8.48,35,22.5,83.98
20230176,1408,,10,2,8.1,33.83,22.5,76.43
20230814,1598,,10,6,7.96,33.83,22.5,80.29
20230456,1447,,10,4,8.34,33.83,22.5,78.67
20231050,1429,,10,4,8.28,33.83,22.5,78.61
202300889,1549,,10,2,7.94,33.83,22.5,76.27
20230589,1374,,10,4,7.98,35,22.5,79.48
20230931,1380,,10,4,8.14,33.83,22.5,78.47
20230903,1385,,10,2,8.8,35,22.5,78.3
20230406,951,0,10,8,8.64,33.83,20,80.47
20230901,261,0,10,6,7.72,30.33,17.5,71.55
20230864,825,0,2,10,8.018,26.83,15,61.85
20230057,539,0,10,10,7.58,30.33,25,82.91
20230269,763,0,10,4,8.02,32.67,20,74.69
20230454,894,0,10,2,8.74,35,17.5,73.24
20230032,535,0,10,6,8.14,30.33,17.5,71.97
20230053,236,0,10,8,8.7,32.67,17.5,76.87
20230291,957,0,10,7,8.02,35,22.5,82.52
20231051,684,6,10,4,8.62,35,25,88.62
20230018,1382,0,10,4,8.66,31.5,17.5,71.66
20230455,909,0,10,6,8.14,33.83,25,82.97
20230066,597,0,10,6,8.68,32.67,25,82.35
20230205,1379,0,0,0,0,28,22.5,50.5
20230530,1528,10,10,2,7.72,29.17,17.5,76.39
20230677,1421,0,4,6,8.24,33.83,22.5,74.57
20230820,288,0,10,10,7.64,35,22.5,85.14
20230118,1254,0,10,6,8.5,32.67,17.5,74.67
20230551,397,0,10,6,7.78,33.83,22.5,80.11
20230817,266,0,10,2,8.84,35,17.5,73.34
20230978,174,0,10,2,8.3,30.33,20,70.63
20230874,313,0,10,2,8.14,32.67,25,77.81
20230868,155,0,10,4,8.2,32.67,22.5,77.37
20230264,424,0,10,10,0,31.5,20,71.5
20230911,255,0,10,2,8.94,33.83,22.5,77.27
20230909,1451,0,10,2,7.82,32.67,20,72.49
20230038,1438,0,10,0,8.32,26.83,15,60.15
20230734,1634,0,10,6,7.58,32.67,20,76.25
20230284,1502,0,10,4,8.76,33.833,25,81.593
20230121,857,0,10,6,8.1,30.333,17.5,71.933
20230217,1219,0,4,8,8.6,29.167,20,69.767
20231074,1450,0,10,2,8.38,30.333,17.5,68.213
202300903,1511,0,4,8,8.6,28,12.5,61.1
20230138,1510,0,10,0,7.64,26.833,7.5,51.973
20230497,1143,0,10,4,8.04,33.83,25,80.87
20230458,815,0,10,4,8.22,29.17,17.5,68.89
20230201,565,10,10,2,8.6,35,25,90.6
20230663,743,0,10,2,8.48,32.67,12.5,65.65
20230472,1397,0,10,0,9.02,35,22.5,76.52
202300894,1464,0,10,0,7.88,26.83,12.5,57.21
202300898,1461,10,10,0,0,31.5,10,61.5
20230164,850,0,10,0,8.22,32.66,22.5,73.38
202300899,1467,0,10,4,8.68,33.83,20,76.51
20230219,1171,0,10,10,7.92,32.67,22.5,83.09
20230633,1468,0,10,6,8.22,32.67,17.5,74.39
20230980,332,0,10,0,7.8,31.5,17.5,66.8
20230411,1587,0,10,4,8.8,31.5,22.5,76.8
20230950,1515,0,10,6,7.94,31.5,22.5,77.94
20230390,1444,0,10,8,7.72,31.5,15,72.22
20230716,1644,0,10,6,8.54,32.67,17.5,74.71
20230722,469,0,10,6,7.54,32.67,20,76.21
20230065,1597,0,10,2,7.78,31.5,22.5,73.78
20230905,205,0,10,2,8.1,31.5,22.5,74.1
20230308,1605,0,10,2,8.86,32.67,25,78.53
20230436,1578,0,10,4,7.9,31.5,17.5,70.9
20230374,474,0,10,6,8.32,31.5,20,75.82
20230431,1575,0,10,4,8.64,33.83,22.5,78.97
20230389,1622,0,10,2,8.34,32.67,17.5,70.51
20230939,1607,0,10,10,7.98,31.5,-,59.48
20230437,1627,0,10,4,7.62,32.67,15,69.29
20230361,1611,0,10,4,7.66,31.5,17.5,70.66
20230729,1628,0,10,8,7.5,31.5,22.5,79.5
20230109,1073,0,10,0,8.62,33.83,25,77.45
202300853,982,0,10,0,0,30.33,10,50.33
20231006,178,0,10,0,8.56,35,7.5,61.06
20230659,218,0,10,10,0,30.33,5,55.33
20230199,123,0,10,2,8.12,33.83,15,68.95
20230960,607,0,10,0,8.1,33.83,22.5,74.43
20230685,194,0,10,4,8.5,35,15,72.5
20230923,978,0,10,4,8.28,35,10,67.28
20230924,1014,0,10,4,7.72,33.83,7.5,63.05
20230012,60,0,10,8,8.32,35,15,76.32
20230703,149,0,10,0,8.94,35,22.5,76.44
20230210,1285,0,6,0,8.7,35,25,74.7
20231061,833,0,10,2,8.58,33.83,10,64.41
20230853,32,2,10,2,8.4,32.67,22.5,77.57
20230855,37,0,10,2,8.5,33.83,15,69.33
20230764,704,0,10,4,7.76,31.5,15,68.26
20231067,778,0,10,4,8.3,33.83,15,71.13
20230113,403,0,10,4,7.5,31.5,17.5,70.5
20230995,1129,0,10,4,8.16,31.5,15,68.66
20230854,35,0,10,2,8.34,30.33,20,70.67
20231063,1124,0,10,2,8.32,31.5,20,71.82
20230091,201,0,10,8,8.1,32.67,20,78.77
20231048,1134,0,10,4,8.72,35,10,67.72
20230688,186,0,10,6,8.22,30.33,15,69.55
20230951,75,0,10,2,8.74,33.8,17.5,72.04
20230188,1169,0,10,10,7.72,30.33,5,63.05
202300854,992,0,10,0,7.9,30.33,10,58.23
20230526,1153,0,10,4,8.64,30.33,20,72.97
20230715,1035,0,10,8,7.85,33.83,25,84.68
20230940,1088,0,10,9,7.64,35,20,81.64
20231064,720,0,10,4,7.98,30.33,15,67.31
20230790,439,0,10,0,8.42,31.5,15,64.92
20231044,1084,0,10,8,7.86,31.5,10,67.36
20230476,1138,0,10,0,7.5,33.83,10,61.33
20230686,215,0,10,5,8.36,33.83,22.5,79.69
20231010,905,0,10,1,8.46,31.5,12.5,63.46
20230548,1114,0,10,6,7.64,32.67,5,61.31
20230277,769,0,10,2,7.76,33.83,10,63.59
20230558,1371,0,10,0,8.38,31.5,7.5,57.38
20230025,1391,0,10,10,7.68,30.33,5,63.01
20231020,1360,0,10,4,8.18,33.83,10,66.01
20230082,1571,0,10,7.84,0,33.83,12.5,64.17
20230705,1574,0,10,6,7.54,33.83,25,82.37
20230338,1524,0,10,2,8.04,33.83,22.5,76.37
20230827,800,0,10,9,7.86,30.33,7.5,64.69
20230962,1437,0,10,8,7.58,31.5,20,77.08
20230847,1535,0,10,0,8.7,33.83,12.5,65.03
2023124,1366,10,10,10,7.8,33.83,22.5,94.13
20230936,328,0,10,10,7.5,33.83,22.5,83.83
20230828,1130,0,10,2,8.26,31.5,25,76.76
20230999,1207,0,10,2,7.76,31.5,25,76.26
20230899,887,0,10,8,8.48,33.83,25,85.31
20230769,125,0,10,4,8.44,33.83,20,76.27
20230963,874,0,10,10,7.7,31.5,25,84.2
20230565,244,0,10,6,8.28,35,25,84.28
20230737,564,0,10,0,8.44,29.17,22.5,70.11
20231026,808,0,10,0,8.18,33.83,25,77.01
20230619,1078,0,10,2,8.32,33.83,25,79.15
20230023,1193,0,10,0,8.04,29.17,20,67.21
20231077,1085,0,10,4,8.76,35,25,82.76
20231031,904,0,10,2,8.58,32.67,22.5,75.75
20230618,26,0,10,0,7.94,35,22.5,75.44
20230851,33,0,10,2,8.44,32.67,20,73.11
20230775,1214,0,10,0,8.28,29.17,22.5,69.95
20231025,804,0,10,0,7.6,31.5,25,74.1
20230545,691,0,10,0,8.22,32.67,22.5,73.39
20230661,22,0,10,10,0,35,25,80
20230909,1615,0,10,0,8.38,35,22.5,75.88
20230187,1669,0,10,4,8.34,33.83,25,81.17
20230186,1674,0,10,6,8.46,33.83,20,78.29
20230882,1662,0,10,8,7.52,33.83,0,59.35
20230750,1657,0,6,4,8.5,31.5,25,75
20230612,1660,0,10,0,7.86,29.17,25,72.03
20230616,1678,0,10,4,8.66,31.5,25,79.16
20230580,1654,0,10,2,7.56,33.83,22.5,75.89
20230195,1667,0,10,0,8.36,29.17,25,72.53
20230420,1644,6,10,4,8.24,32.67,22.5,83.41
20230194,1659,0,4,2,7.96,33.83,22.5,70.29
20230197,1665,0,10,6,8.32,33.83,22.5,80.65
20230422,1649,0,2,10,7.78,33.83,22.83,76.44
20230386,1666,0,10,2,7.78,33.83,22.5,76.11
20230242,1256,0,10,2,7.84,33.83,25,78.67
20230907,1685,0,10,4,7.9,32.67,0,54.57
20231037,1683,10,10,4,8.54,32.67,25,90.21
20230658,1680,0,2,0,8.36,35,25,70.36
20230435,1688,0,10,4,8.44,31.5,25,78.94
20230270,1653,0,10,4,8.36,32.67,25,80.03
20230779,499,0,10,8,7.74,25.6,20,71.34
20231013,1003,0,10,4,7.8,25.6,20,67.4
20230842,46,10,10,10,7.6,29.2,20,88.8
20230935,553,0,10,9,8.1,25.6,20,71.7
20231068,1180,0,10,0,8.34,25.6,20,63.94
20230917,968,0,10,10,7.7,33.83,25,86.53
20230878,680,0,10,8,7.8,35,25,85.8
20230485,1176,6,10,9,8.6,31.5,22.5,87.6
20231073,955,0,10,9,7.9,30.33,25,82.23
20230441,1619,0,10,0,8.6,22.16,25,65.76
20230438,1618,0,10,0,8.2,35,25,78.2
20230838,1287,0,10,10,7.9,26.83,20,74.73
20230886,291,0,10,6,8.28,33.8,19,78.08
20230896,1601,0,10,4,7.96,25.67,12.5,60.13
20230292,1017,0,10,4,8.28,28,22.5,72.78
20230035,352,0,10,6,7.94,26.83,25,75.77
20230416,1595,10,10,2,8,22.17,22.5,74.67
20230030,229,0,10,10,8.9,30.33,25,84.23
20230609,1063,0,2,0,8.88,25.67,20,56.55
202300861,1158,0,10,4,8.32,29.16,22.5,73.98
20230897,1600,0,10,4,7.62,28,15,64.62
20230553,631,0,0,6,7.82,28,20,61.82
20230970,1476,10,10,10,7.58,31.5,17.5,86.58
20230451,1206,0,10,2,8.26,25.67,25,70.93
20230533,1259,0,10,4,8.48,30.33,20,72.81
20230933,1592,10,10,10,8.1,24.5,25,87.6
20230993,660,0,10,2,8.12,26.83,20,66.95
20230893,1428,0,10,0,8.24,24.5,15,57.74
20231019,1164,0,10,6,7.92,31.5,22.5,77.92
20231071,837,0,10,2,7.94,24.5,17.5,61.94
20230227,1155,0,10,4,7.52,30.33,17.5,69.35
20230572,888,,6,2,8.46,35,22.5,73.96
20230691,1209,,,,7.78,35,22.5,65.28
20230611,694,,10,4,8.48,35,22.5,79.98
20230094,65,,10,,8.58,35,22.5,76.08
20230862,1059,,10,6,7.68,35,22.5,81.18
20230682,297,,10,2,8.1,35,22.5,77.6
20230726,1230,,10,2,8.32,35,22.5,77.82
20230680,389,,10,2,7.5,35,22.5,77
20230608,1376,,10,,8.22,35,22.5,75.72
20230949,1363,2,10,2,8.5,33.83,22.5,78.83
202300881,1454,,10,2,7.78,35,22.5,77.28
20230015,1348,4,10,4,7.9,35,22.5,83.4
20230010,1373,,10,2,8.38,35,22.5,77.88
20230568,1378,,10,8,7.8,33.83,22.5,82.13
20230757,1327,,10,,8.7,35,22.5,76.2
